{
  "$schema": "https://developer.microsoft.com/json-schemas/spfx-build/package-solution.schema.json",
  "solution": {
    "name": "ms-graph-sp-fx-client-side-solution",
    "id": "6b828391-3b7b-4dea-85d8-d7ba42f2b8fe",
    "version": "1.0.0.0",
    "includeClientSideAssets": true,
    "isDomainIsolated": false,
    "webApiPermissionRequests": [
      {
        "resource": "Microsoft Graph",
        "scope": "User.ReadBasic.All"
      }
    ]    
  },
  "paths": {
    "zippedPackage": "solution/ms-graph-sp-fx.sppkg"
  }
}
