{
  "$schema": "https://developer.microsoft.com/json-schemas/spfx-build/package-solution.schema.json",
  "solution": {
    "name": "sp-fx-aad-http-client-client-side-solution",
    "id": "aee73b80-c6b7-498e-adf7-f6349993edd0",
    "version": "1.0.0.0",
    "includeClientSideAssets": true,
    "isDomainIsolated": false,
    "webApiPermissionRequests": [
      {
        "resource": "Microsoft Graph",
        "scope": "User.ReadBasic.All"
      }
    ]    
  },
  "paths": {
    "zippedPackage": "solution/sp-fx-aad-http-client.sppkg"
  }
}
